pl_name (Exoplanet),hostname (Host star),pl_orbsmax (d),pl_rade (Dp),st_rad (Ds),Diameter of planet in terms of Earth's diameter,Diameter of star in terms of Sun's diameter,Ds/Dp,d/Ds
EPIC 201595106 b,EPIC 201595106,,1.2,0.99,1.2,0.99,90.02822201,0
EPIC 201757695.02,EPIC 201757695,0.0296,0.908,0.66,0.908,0.66,79.32001939,4.819858934
EPIC 206024342 c,EPIC 206024342,,1.4,1.1,1.4,1.1,85.74116382,0
EPIC 212587672 b,EPIC 212587672,,1.26,0.98,1.26,0.98,84.87509146,0
EPIC 212624936 b,EPIC 212624936,,1.2,0.93,1.2,0.93,84.57196613,0
EPIC 220492298 b,EPIC 220492298,,0.99,0.89,0.99,0.89,98.10237844,0
EPIC 249893012 b,EPIC 249893012,0.047,1.95,1.71,1.95,1.71,95.69433389,2.953849062
HD 158259 b,HD 158259,,1.292,1.26,1.292,1.26,106.4223283,0
HD 213885 b,HD 213885,,1.613,1.13,1.613,1.13,76.44847048,0
HD 21749 c,GJ 143,0.0695,0.892,0.69,0.892,0.69,84.41292729,10.82485945
HD 23472 d,HD 23472,0.04298,0.75,0.71,0.75,0.71,103.3051113,6.505708718
HD 23472 e,HD 23472,0.068,0.818,0.71,0.818,0.71,94.71740035,10.2928849
HD 80653 b,HD 80653,,1.611,1.26,1.611,1.26,85.34925398,0
HD 93963 A b,HD 93963 A,0.02085,1.35,1.04,1.35,1.04,84.06675726,2.15456337
HR 858 b,HR 858,,1.771,1.28,1.771,1.28,78.87077951,0
K2-100 b,K2-100,,1.52,1.27,1.52,1.27,91.17690746,0
K2-111 b,K2-111,,1.41,1.27,1.41,1.27,98.28999953,0
K2-116 b,K2-116,0.048,0.69,0.67,0.69,0.67,105.9620707,7.699330932
K2-157 b,K2-157,,1,0.88,1,0.88,96.03010348,0
K2-158 c,K2-158,0.0622,1.28,0.95,1.28,0.95,80.99129821,7.036445554
K2-166 b,K2-166,0.0858,2.19,1.61,2.19,1.61,80.22440152,5.727274042
K2-167 b,K2-167,,2.052,1.47,2.052,1.47,78.17442634,0
K2-169 b,K2-169,,1.341,0.98,1.341,0.98,79.74840808,0
K2-170 b,K2-170,,1.418,0.98,1.418,0.98,75.4179233,0
K2-175 b,K2-175,,2.038,1.42,2.038,1.42,76.03418399,0
K2-183 b,K2-183,,1.1,0.87,1.1,0.87,86.30804755,0
K2-185 b,K2-185,,1.15,0.94,1.15,0.94,89.19792221,0
K2-187 b,K2-187,0.0164,1.3,0.92,1.3,0.92,77.2270063,1.915766492
K2-188 b,K2-188,,1.259,1.11,1.259,1.11,96.21038962,0
K2-19 d,K2-19,0.036,1.22,1.01,1.22,1.01,90.34128588,3.830607716
K2-190 b,K2-190,,0.91,1,0.91,1,119.9177116,0
K2-190 c,K2-190,,1.093,0.91,1.093,0.91,90.85439799,0
K2-209 b,K2-209,,0.869,0.71,0.869,0.71,89.15861161,0
K2-210 b,K2-210,,0.86,0.89,0.86,0.89,112.9318077,0
K2-213 b,K2-213,,1.514,1.2,1.514,1.2,86.49282768,0
K2-219 b,K2-219,,1.47,1.32,1.47,1.32,97.98990151,0
K2-219 c,K2-219,,1.438,1.19,1.438,1.19,90.30520858,0
K2-223 b,K2-223,,0.91,1.01,0.91,1.01,121.1168888,0
K2-229 b,K2-229,,1,0.79,1,0.79,86.2088429,0
K2-230 b,K2-230,0.0409,1.96,1.39,1.96,1.39,77.38975176,3.162241689
K2-243 c,K2-243,0.1817,2.01,1.39,2.01,1.39,75.46463356,14.04839401
K2-266 c,K2-266,0.0679,0.705,0.7,0.705,0.7,108.3511806,10.42457328
K2-269 b,K2-269,0.0531,1.57,1.45,1.57,1.45,100.7843443,3.935619203
K2-279 b,K2-279,,1,0.76,1,0.76,82.93508937,0
K2-294 b,K2-294,,1.66,1.2,1.66,1.2,78.88562717,0
K2-32 e,K2-32,0.04951,1.01,0.84,1.01,0.84,90.75752354,6.334322814
K2-352 b,K2-352,,1.37,0.95,1.37,0.95,75.67070198,0
K2-369 b,K2-369,,1.217,0.87,1.217,0.87,78.01056064,0
K2-373 b,K2-373,,2.061,1.49,2.061,1.49,78.89200641,0
K2-38 b,K2-38,,1.906,1.38,1.906,1.38,79.00979133,0
K2-407 b,K2-407,,1.283,0.93,1.283,0.93,79.10082569,0
K2-413 b,K2-413,0.0117,0.76,0.7,0.76,0.7,100.5099767,1.796281404
KOI-1831 d,Kepler-324,0.1949,1.1,0.83,1.1,0.83,82.33986146,25.23598722
KOI-3503 b,KOI-3503,,1.19,1.25,1.19,1.25,114.6272244,0
KOI-3503 c,KOI-3503,,1.21,1.25,1.21,1.25,112.7325595,0
KOI-351 b,KOI-351,0.0738,1.29,1.2,1.29,1.2,101.5117373,6.609394397
KOI-351 c,KOI-351,0.089,1.19,1.2,1.19,1.2,110.0421354,7.970678879
KOI-4777.01,KOI-4777,0.008,0.51,0.4,0.51,0.4,85.58832752,2.149396552
KOI-94 b,KOI-94,0.05119,1.71,1.52,1.71,1.52,97.00010453,3.619329259
Kepler-10 b,Kepler-10,0.01684,1.416,1.06,1.416,1.06,81.68970667,1.707350846
Kepler-100 b,Kepler-100,0.073,1.24,1.23,1.24,1.23,108.2450763,6.37829058
Kepler-100 c,Kepler-100,,2.221,1.56,2.221,1.56,76.64798894,0
Kepler-100 d,Kepler-100,,1.48,1.5,1.48,1.5,110.5997813,0
Kepler-1002 b,Kepler-1002,0.0553,1.63,1.56,1.63,1.56,104.4387628,3.809667606
Kepler-1005 b,Kepler-1005,0.0663,1.52,1.1,1.52,1.1,78.97212457,6.477499608
Kepler-101 c,Kepler-101,0.067,0.96,1.1,0.96,1.1,125.0391972,6.545889498
Kepler-1012 b,Kepler-1012,0.058,1.34,0.95,1.34,0.95,77.36482217,6.561315789
Kepler-102 c,Kepler-102,0.067,0.69,0.74,0.69,0.74,117.0327348,9.730376281
Kepler-102 f,Kepler-102,0.1608,0.79,0.76,0.79,0.76,104.9811258,22.73835299
Kepler-1027 b,Kepler-1027,,0.89,0.82,0.89,0.82,100.5422432,0
Kepler-1035 b,Kepler-1035,0.037,1.13,0.94,1.13,0.94,90.77664649,4.230195341
Kepler-1047 c,Kepler-1047,,0.99,1.13,0.99,1.13,124.5569524,0
Kepler-105 c,Kepler-105,0.072,1.61,1.16,1.61,1.16,78.62430833,6.670541023
Kepler-1050 b,Kepler-1050,,1.38,1.01,1.38,1.01,79.86693389,0
Kepler-1050 c,Kepler-1050,,1.48,1.13,1.48,1.13,83.31850195,0
Kepler-1053 b,Kepler-1053,0.0315,0.97,0.72,0.97,0.72,81.00008728,4.701804957
Kepler-1055 b,Kepler-1055,0.0331,1.18,0.91,1.18,0.91,84.15581102,3.909067355
Kepler-106 b,Kepler-106,,0.92,1.05,0.92,1.05,124.5449712,0
Kepler-106 d,Kepler-106,,1.03,1.05,1.03,1.05,111.2440519,0
Kepler-1063 b,Kepler-1063,0.1105,1.15,0.88,1.15,0.88,83.50443781,13.49479085
Kepler-1067 b,Kepler-1067,,0.8,0.93,0.8,0.93,126.8579492,0
Kepler-107 b,Kepler-107,,1.581,1.5,1.581,1.5,103.5342672,0
Kepler-107 c,Kepler-107,0.06064,1.597,1.45,1.597,1.45,99.08041359,4.494462307
Kepler-107 d,Kepler-107,0.083,1.08,1.18,1.08,1.18,119.2292951,7.559318381
Kepler-1070 b,Kepler-1070,,1.73,1.32,1.73,1.32,83.2630955,0
Kepler-1072 b,Kepler-1072,,1.58,1.32,1.58,1.32,91.16781976,0
Kepler-1073 d,Kepler-1073,0.0352,1.48,1.12,1.48,1.12,82.58117007,3.377623153
Kepler-1076 b,Kepler-1076,0.0611,0.79,0.75,0.79,0.75,103.5997952,8.755208621
Kepler-1079 b,Kepler-1079,,1.63,1.36,1.63,1.36,91.04917787,0
Kepler-1081 b,Kepler-1081,,0.957,0.84,0.957,0.84,95.78380227,0
Kepler-1082 b,Kepler-1082,,1.12,1.14,1.12,1.14,111.0737804,0
Kepler-1084 b,Kepler-1084,,1.3,1.23,1.3,1.23,103.2491497,0
Kepler-1088 b,Kepler-1088,0.165,1.6,1.28,1.6,1.28,87.30009407,13.85353246
Kepler-1091 b,Kepler-1091,0.025,1.11,0.85,1.11,0.85,83.56427924,3.160877282
Kepler-1095 b,Kepler-1095,,1.21,0.92,1.21,0.92,82.97116379,0
Kepler-1098 b,Kepler-1098,,1.477,1.21,1.477,1.21,89.39836986,0
Kepler-1100 b,Kepler-1100,0.0684,1.25,0.98,1.25,0.98,85.55409219,7.500955313
Kepler-1104 b,Kepler-1104,0.061,1.14,1.27,1.14,1.27,121.5692099,5.161936601
Kepler-1106 b,Kepler-1106,,1.65,1.17,1.65,1.17,77.37962884,0
Kepler-111 b,Kepler-111,0.046,1.49,1.16,1.49,1.16,84.95646739,4.261734542
Kepler-1115 b,Kepler-1115,,1.7,1.73,1.7,1.73,111.050855,0
Kepler-1117 b,Kepler-1117,,1.11,0.93,1.11,0.93,91.42915258,0
Kepler-1121 b,Kepler-1121,0.115,1.53,1.43,1.53,1.43,101.992757,8.642678442
Kepler-1130 b,Kepler-1130,,0.8,0.81,0.8,0.81,110.4891816,0
Kepler-1130 c,Kepler-1130,,0.792,0.84,0.792,0.84,115.7387611,0
Kepler-1137 b,Kepler-1137,,2.2,1.84,2.2,1.84,91.26828017,0
Kepler-1139 b,Kepler-1139,0.0165,1.14,0.89,1.14,0.89,85.19417075,1.992418152
Kepler-1141 b,Kepler-1141,,0.98,1.14,0.98,1.14,126.9414633,0
Kepler-1142 b,Kepler-1142,0.134,1.16,0.86,1.16,0.86,80.90310442,16.74529872
Kepler-1149 b,Kepler-1149,,1.44,1.01,1.44,1.01,76.53914498,0
Kepler-115 b,Kepler-115,,1.212,1.15,1.212,1.15,103.5428096,0
Kepler-1150 b,Kepler-1150,0.0382,2.33,1.73,2.33,1.73,81.02422894,2.373033187
Kepler-1156 b,Kepler-1156,,1.32,1,1.32,1,82.67054363,0
Kepler-1157 b,Kepler-1157,,0.931,0.72,0.931,0.72,84.39321661,0
Kepler-1158 b,Kepler-1158,0.1174,1.55,1.34,1.55,1.34,94.34042424,9.415640118
Kepler-1163 b,Kepler-1163,0.069,0.97,1.12,0.97,1.12,126.0001358,6.620909021
Kepler-1164 b,Kepler-1164,0.045,1.05,0.79,1.05,0.79,82.1036599,6.12169904
Kepler-1165 b,Kepler-1165,,1.55,1.18,1.55,1.18,83.07589597,0
Kepler-1169 b,Kepler-1169,0.067,1.04,1.21,1.04,1.21,126.9628772,5.950808635
Kepler-1171 b,Kepler-1171,,2.395,1.83,2.395,1.83,83.38161386,0
Kepler-1173 b,Kepler-1173,,0.89,0.82,0.89,0.82,100.5422432,0
Kepler-1174 b,Kepler-1174,,2.614,1.8,2.614,1.8,75.14353928,0
Kepler-1178 b,Kepler-1178,0.1596,0.63,0.53,0.63,0.53,91.80367035,32.36261223
Kepler-1181 b,Kepler-1181,0.061,1.41,1.25,1.41,1.25,96.74212552,5.244527586
Kepler-1189 b,Kepler-1189,0.047,1.23,1.1,1.23,1.1,97.59156858,4.591892633
Kepler-119 c,Kepler-119,0.049,0.88,0.83,0.88,0.83,102.9248268,6.344604279
Kepler-1193 b,Kepler-1193,0.0397,1.13,1.05,1.13,1.05,101.3994455,4.063383005
Kepler-1199 b,Kepler-1199,0.1152,1.51,1.52,1.51,1.52,109.8478005,8.14508167
Kepler-1207 b,Kepler-1207,0.1156,1.43,1.03,1.43,1.03,78.60060917,12.0616622
Kepler-1209 b,Kepler-1209,0.1801,1.48,1.38,1.48,1.38,101.7517988,14.02559127
Kepler-1213 b,Kepler-1213,,1.19,1.21,1.19,1.21,110.9591532,0
Kepler-1215 b,Kepler-1215,,1.121,0.89,1.121,0.89,86.63813975,0
Kepler-1216 b,Kepler-1216,0.0519,1.56,1.18,1.56,1.18,82.54335818,4.726850891
Kepler-1218 b,Kepler-1218,0.164,1.47,1.22,1.47,1.22,90.56642412,14.44676371
Kepler-1219 b,Kepler-1219,,2.12,1.94,2.12,1.94,99.85977742,0
Kepler-1220 b,Kepler-1220,0.073,1.38,0.99,1.38,0.99,78.28541045,7.924542842
Kepler-1222 b,Kepler-1222,,0.79,0.8,0.79,0.8,110.5064482,0
Kepler-1224 b,Kepler-1224,0.114,1.14,1.08,1.14,1.08,103.3816904,11.34403736
Kepler-1226 b,Kepler-1226,0.1323,1.36,0.96,1.36,0.96,77.02949477,14.81068561
Kepler-123 c,Kepler-123,0.1757,1.4,1.22,1.4,1.22,95.09474533,15.47741697
Kepler-1231 b,Kepler-1231,0.0936,1.29,0.92,1.29,0.92,77.82566526,10.93388681
Kepler-1235 b,Kepler-1235,0.049,0.79,0.78,0.79,0.78,107.743787,6.751309682
Kepler-1238 b,Kepler-1238,0.052,1.33,1.06,1.33,1.06,86.97189823,5.27210475
Kepler-124 b,Kepler-124,0.039,0.73,0.64,0.73,0.64,95.67133597,6.548942619
Kepler-1240 b,Kepler-1240,0.0557,1.32,1.11,1.32,1.11,91.76430343,5.392855312
Kepler-1248 b,Kepler-1248,,1.18,1.21,1.18,1.21,111.899485,0
Kepler-125 c,Kepler-125,0.051,0.74,0.51,0.74,0.51,75.20785131,10.74698276
Kepler-1253 b,Kepler-1253,,1.788,1.49,1.788,1.49,90.93759799,0
Kepler-1256 b,Kepler-1256,0.111,1.37,1.3,1.37,1.3,103.5493817,9.176269894
Kepler-1258 b,Kepler-1258,0.02,0.95,0.96,0.95,0.96,110.273803,2.238954741
Kepler-126 b,Kepler-126,,1.439,1.45,1.439,1.45,109.9592915,0
Kepler-126 c,Kepler-126,,1.498,1.45,1.498,1.45,105.6284516,0
Kepler-1263 b,Kepler-1263,,1.075,0.8,1.075,0.8,81.20938984,0
Kepler-1264 b,Kepler-1264,0.0174,0.99,0.87,0.99,0.87,95.89783061,2.149396552
Kepler-1269 b,Kepler-1269,0.2227,1.54,1.11,1.54,1.11,78.65511723,21.56173928
Kepler-127 b,Kepler-127,0.125,1.4,1.36,1.4,1.36,106.0072571,9.877741506
Kepler-1270 b,Kepler-1270,,3.32,3.38,3.32,3.38,111.0972583,0
Kepler-1271 b,Kepler-1271,0.042,1.15,1.02,1.15,1.02,96.78923473,4.425228195
Kepler-1275 b,Kepler-1275,0.0488,1.32,1.27,1.32,1.27,104.9915904,4.12954928
Kepler-1276 b,Kepler-1276,0.112,1.18,1.19,1.18,1.19,110.0499067,10.1148073
Kepler-1278 b,Kepler-1278,0.044,1.08,0.98,1.08,0.98,99.02094004,4.825175932
Kepler-1279 b,Kepler-1279,,2.363,1.98,2.363,1.98,91.43788948,0
Kepler-128 b,Kepler-128,,1.43,1.61,1.43,1.61,122.8611464,0
Kepler-128 c,Kepler-128,,1.48,1.7,1.48,1.7,125.3464189,0
Kepler-1280 b,Kepler-1280,,1.87,1.32,1.87,1.32,77.02949477,0
Kepler-1283 b,Kepler-1283,0.1062,1.13,0.87,1.13,0.87,84.01668346,13.11873068
Kepler-1288 b,Kepler-1288,,1.12,1.29,1.12,1.29,125.6887515,0
Kepler-1289 b,Kepler-1289,,1.54,1.21,1.54,1.21,85.74116382,0
Kepler-129 b,Kepler-129,,2.409,1.75,2.409,1.75,79.27312403,0
Kepler-129 c,Kepler-129,,2.21,1.56,2.21,1.56,77.02949477,0
Kepler-1296 b,Kepler-1296,0.0758,1.04,0.98,1.04,0.98,102.8294377,8.312462175
Kepler-1297 b,Kepler-1297,,0.97,0.99,0.97,0.99,111.37512,0
Kepler-130 b,Kepler-130,0.08,1.03,1.11,1.03,1.11,117.6008549,7.745573159
Kepler-130 d,Kepler-130,0.381,1.09,1.11,1.09,1.11,111.1274133,36.88829217
Kepler-1300 b,Kepler-1300,0.163,1.37,1.39,1.37,1.39,110.718185,12.6025769
Kepler-1303 b,Kepler-1303,0.075,1.16,0.88,1.16,0.88,82.78457197,9.159360306
Kepler-1311 b,Kepler-1311,0.098,1.37,1.24,1.37,1.24,98.77017943,8.493583148
Kepler-1311 c,Kepler-1311,,1.22,1.4,1.22,1.4,125.2255448,0
Kepler-1312 c,Kepler-1312,0.02,0.84,0.78,0.84,0.78,101.3304663,2.755636605
Kepler-132 b,Kepler-132,0.0641,1.04,1.04,1.04,1.04,109.1251176,6.623861489
Kepler-132 c,Kepler-132,0.068,1.28,1.18,1.28,1.18,100.5997178,6.193176505
Kepler-132 d,Kepler-132,,1.43,1.1,1.43,1.1,83.94239815,0
Kepler-132 e,Kepler-132,,1.18,1.1,1.18,1.1,101.7268045,0
Kepler-1323 b,Kepler-1323,,1.289,1.23,1.289,1.23,104.1302519,0
Kepler-1328 b,Kepler-1328,,0.98,0.99,0.98,0.99,110.2386392,0
Kepler-133 b,Kepler-133,,1.59,1.32,1.59,1.32,90.59443725,0
Kepler-1336 c,Kepler-1336,0.0621,1.03,0.86,1.03,0.86,91.11417585,7.760321271
Kepler-1338 b,Kepler-1338,,0.92,1.05,0.92,1.05,124.5449712,0
Kepler-134 c,Kepler-134,0.0988,1.63,1.53,1.63,1.53,102.4303251,6.939881677
Kepler-1340 b,Kepler-1340,0.015,0.94,0.91,0.94,0.91,105.6424011,1.771480674
Kepler-1346 b,Kepler-1346,,1.58,1.21,1.58,1.21,83.57050145,0
Kepler-1347 b,Kepler-1347,0.104,0.98,0.77,0.98,0.77,85.74116382,14.51540528
Kepler-135 b,Kepler-135,,1.91,1.35,1.91,1.35,77.13031872,0
Kepler-135 c,Kepler-135,,1.392,1.43,1.392,1.43,112.1041079,0
Kepler-1351 b,Kepler-1351,,0.551,0.56,0.551,0.56,110.9075605,0
Kepler-1357 b,Kepler-1357,0.041,1.22,0.89,1.22,0.89,79.60766775,4.950857226
Kepler-1358 b,Kepler-1358,0.0656,1.16,0.82,1.16,0.82,77.14016933,8.597586207
Kepler-1361 b,Kepler-1361,,0.749,0.77,0.749,0.77,112.1847003,0
Kepler-1364 b,Kepler-1364,0.122,1.7,1.44,1.7,1.44,92.43539372,9.105082615
Kepler-1365 b,Kepler-1365,,0.92,1.05,0.92,1.05,124.5449712,0
Kepler-1367 b,Kepler-1367,,0.899,0.63,0.899,0.63,76.47255182,0
Kepler-1368 b,Kepler-1368,0.0153,1.36,0.96,1.36,0.96,77.02949477,1.712800377
Kepler-1370 b,Kepler-1370,0.1563,1.77,1.28,1.77,1.28,78.91533928,13.12307348
Kepler-1370 c,Kepler-1370,,1.27,1.29,1.27,1.29,110.8436234,0
Kepler-1371 b,Kepler-1371,,0.943,0.96,0.943,0.96,111.0923785,0
Kepler-1371 c,Kepler-1371,0.0274,0.65,0.72,0.65,0.72,120.8770533,4.089823994
Kepler-1372 b,Kepler-1372,,1.266,1.06,1.266,1.06,91.36858187,0
Kepler-1373 b,Kepler-1373,,1.16,1.33,1.16,1.33,125.1175917,0
Kepler-1375 b,Kepler-1375,,2.119,2.13,2.119,2.13,109.6916,0
Kepler-1376 b,Kepler-1376,,1.05,0.97,1.05,0.97,100.8108229,0
Kepler-1377 b,Kepler-1377,0.0153,1.22,0.87,1.22,0.87,77.8187314,1.889986623
Kepler-138 b,Kepler-138,,0.46,0.45,0.46,0.45,106.7528324,0
Kepler-1380 b,Kepler-1380,,2.732,1.93,2.732,1.93,77.09058454,0
Kepler-1382 b,Kepler-1382,0.1307,1.08,1.01,1.08,1.01,102.0521933,13.90723412
Kepler-1383 b,Kepler-1383,,1.41,1.44,1.41,1.44,111.4469286,0
Kepler-1386 b,Kepler-1386,0.0699,1.09,0.93,1.09,0.93,93.10675171,8.077570912
Kepler-1387 b,Kepler-1387,0.031,0.87,0.8,0.87,0.8,100.3449357,4.164455819
Kepler-1390 b,Kepler-1390,0.0647,0.92,0.79,0.92,0.79,93.70526402,8.801642842
Kepler-1391 b,Kepler-1391,,2.2,1.6,2.2,1.6,79.36372188,0
Kepler-1393 b,Kepler-1393,,0.8,0.92,0.8,0.92,125.4938852,0
Kepler-1396 b,Kepler-1396,0.1406,1.78,1.26,1.78,1.26,77.24586976,11.99226806
Kepler-1397 b,Kepler-1397,0.2602,1.61,1.13,1.61,1.13,76.59092104,24.74659216
Kepler-1398 c,Kepler-1398,,1.03,1.18,1.03,1.18,125.017125,0
Kepler-1399 b,Kepler-1399,,1.25,0.96,1.25,0.96,83.80809031,0
Kepler-140 b,Kepler-140,0.045,1.61,1.29,1.61,1.29,87.43565323,3.748947474
Kepler-140 c,Kepler-140,0.414,1.8,1.29,1.8,1.29,78.20633427,34.49031676
Kepler-1401 b,Kepler-1401,0.1,1.23,0.95,1.23,0.95,84.28362741,11.31261343
Kepler-1402 b,Kepler-1402,0.0301,0.73,0.8,0.73,0.8,119.58917,4.043552263
Kepler-1406 b,Kepler-1406,,1.1,1.12,1.1,1.12,111.1092106,0
Kepler-1409 b,Kepler-1409,0.0152,1.04,0.86,1.04,0.86,90.23807801,1.89946672
Kepler-141 b,Kepler-141,,0.735,0.78,0.735,0.78,115.8062472,0
Kepler-1416 b,Kepler-1416,0.0257,1.44,1.45,1.44,1.45,109.8829309,1.904810048
Kepler-1417 b,Kepler-1417,0.1431,1,1,1,1,109.1251176,15.37893233
Kepler-142 d,Kepler-142,0.2305,1.43,1.24,1.43,1.24,94.62597609,19.97725424
Kepler-1423 b,Kepler-1423,,1.06,0.75,1.06,0.75,77.21116811,0
Kepler-1424 b,Kepler-1424,,1.16,1.07,1.16,1.07,100.6585136,0
Kepler-1425 b,Kepler-1425,,0.94,0.95,0.94,0.95,110.2860231,0
Kepler-1427 b,Kepler-1427,0.0196,1.09,1.01,1.09,1.01,101.1159346,2.08555309
Kepler-1428 b,Kepler-1428,0.095,1.26,1.05,1.26,1.05,90.93759799,9.723460591
Kepler-1429 b,Kepler-1429,0.0549,1.19,1.03,1.19,1.03,94.45283287,5.72824615
Kepler-1431 b,Kepler-1431,0.0648,1.45,1.04,1.45,1.04,78.26904986,6.69619695
Kepler-1433 b,Kepler-1433,0.0516,1.43,1.15,1.43,1.15,87.7579617,4.822124438
Kepler-1436 b,Kepler-1436,0.0881,1.26,1.05,1.26,1.05,90.93759799,9.017230296
Kepler-1437 b,Kepler-1437,,2.316,1.66,2.316,1.66,78.21575786,0
Kepler-1438 b,Kepler-1438,0.0346,1.24,1.25,1.24,1.25,110.0051589,2.974764828
Kepler-144 b,Kepler-144,0.066,1.33,1.24,1.33,1.24,101.7407111,5.720168242
Kepler-144 c,Kepler-144,,1.58,1.47,1.58,1.47,101.5277993,0
Kepler-1440 b,Kepler-1440,0.226,1.31,1.08,1.31,1.08,89.9657458,22.48905651
Kepler-1441 b,Kepler-1441,,1.31,1,1.31,1,83.30161648,0
Kepler-1445 b,Kepler-1445,,1.134,1.35,1.134,1.35,129.9108543,0
Kepler-1446 b,Kepler-1446,0.0151,1.86,1.75,1.86,1.75,102.6714816,0.927311084
Kepler-145 b,Kepler-145,0.1732,2.2,1.85,2.2,1.85,91.76430343,10.06149953
Kepler-1452 b,Kepler-1452,,2.712,2.11,2.712,2.11,84.90191671,0
Kepler-1464 c,Kepler-1464,,1,1.01,1,1.01,110.2163688,0
Kepler-1466 b,Kepler-1466,,1.395,0.98,1.395,0.98,76.66137293,0
Kepler-1468 c,Kepler-1468,0.0466,1.62,1.5,1.62,1.5,101.0417755,3.33872931
Kepler-147 b,Kepler-147,0.1095,1.29,1.26,1.29,1.26,106.5873242,9.339639778
Kepler-1470 b,Kepler-1470,,1.111,0.79,1.111,0.79,77.59571818,0
Kepler-1471 b,Kepler-1471,,1.262,0.88,1.262,0.88,76.09358437,0
Kepler-1472 b,Kepler-1472,0.2322,1.54,1.11,1.54,1.11,78.65511723,22.4815261
Kepler-1473 b,Kepler-1473,,1.19,1.09,1.19,1.09,99.95493964,0
Kepler-1482 b,Kepler-1482,,1.01,0.84,1.01,0.84,90.75752354,0
Kepler-1483 b,Kepler-1483,,1.366,1.38,1.366,1.38,110.2435302,0
Kepler-1485 b,Kepler-1485,0.1467,1.41,1.09,1.41,1.09,84.35913346,14.46405845
Kepler-1487 b,Kepler-1487,0.0898,5.05,3.96,5.05,3.96,85.57137934,2.437068312
Kepler-1488 b,Kepler-1488,0.2278,1.59,1.14,1.59,1.14,78.24065035,21.47511116
Kepler-1488 c,Kepler-1488,,1.652,1.52,1.652,1.52,100.4056772,0
Kepler-1493 b,Kepler-1493,0.1066,0.84,0.8,0.84,0.8,103.9286834,14.32035453
Kepler-150 b,Kepler-150,,1.161,0.88,1.161,0.88,82.71326743,0
Kepler-1500 b,Kepler-1500,0.1124,1.08,0.92,1.08,0.92,92.9584335,13.13000937
Kepler-1501 b,Kepler-1501,,1.148,1.13,1.148,1.13,107.4140966,0
Kepler-1505 b,Kepler-1505,0.1908,1.13,1.06,1.13,1.06,102.3651546,19.34456897
Kepler-1506 b,Kepler-1506,,1.32,0.93,1.32,0.93,76.88360558,0
Kepler-1507 b,Kepler-1507,,0.84,0.85,0.84,0.85,110.4242261,0
Kepler-1508 b,Kepler-1508,0.138,0.98,0.92,0.98,0.92,102.4439879,16.12047414
Kepler-1511 b,Kepler-1511,0.1753,2.18,1.69,2.18,1.69,84.59699483,11.14760993
Kepler-1514 c,Kepler-1514,,1.32,1.37,1.32,1.37,113.2586448,0
Kepler-1525 b,Kepler-1525,0.0354,0.84,0.92,0.84,0.92,119.5179859,4.135252061
Kepler-1528 b,Kepler-1528,0.0296,1.29,1,1.29,1,84.59311441,3.181106897
Kepler-1531 b,Kepler-1531,,1.11,1.27,1.11,1.27,124.8548643,0
Kepler-1537 b,Kepler-1537,0.0245,2.03,1.45,2.03,1.45,77.94651257,1.815869501
Kepler-154 f,Kepler-154,,1.453,1.07,1.453,1.07,80.36054771,0
Kepler-1541 b,Kepler-1541,0.0781,1.95,1.53,1.95,1.53,85.62124611,5.485878127
Kepler-1542 d,Kepler-1542,,0.87,0.99,0.87,0.99,124.1768579,0
Kepler-1547 b,Kepler-1547,0.0165,2.24,2.3,2.24,2.3,112.0481118,0.770979198
Kepler-1553 b,Kepler-1553,0.0481,1.1,0.82,1.1,0.82,81.34781493,6.304022813
Kepler-1557 b,Kepler-1557,,1.376,1.06,1.376,1.06,84.06440745,0
Kepler-1558 b,Kepler-1558,,0.698,0.74,0.698,0.74,115.6913854,0
Kepler-1559 b,Kepler-1559,0.018,0.79,0.89,0.79,0.89,122.9384236,2.173547075
Kepler-1560 b,Kepler-1560,0.0397,0.91,0.99,0.91,0.99,118.7185345,4.309648642
Kepler-1561 b,Kepler-1561,0.0194,0.85,0.86,0.85,0.86,110.4089425,2.424319366
Kepler-1563 b,Kepler-1563,0.0442,0.75,0.88,0.75,0.88,128.040138,5.39791634
Kepler-1566 b,Kepler-1566,0.0118,0.68,0.68,0.68,0.68,109.1251176,1.864917596
Kepler-1568 b,Kepler-1568,,1.294,1.25,1.294,1.25,105.4145263,0
Kepler-1569 b,Kepler-1569,0.064,1.25,1.09,1.25,1.09,95.15710254,6.310155014
Kepler-157 b,Kepler-157,0.028,1.16,0.92,1.16,0.92,86.54750706,3.27082084
Kepler-157 d,Kepler-157,,1.46,1.03,1.46,1.03,76.98552816,0
Kepler-1570 b,Kepler-1570,,2.134,1.81,2.134,1.81,92.55691792,0
Kepler-1571 b,Kepler-1571,0.0432,1.61,1.48,1.61,1.48,100.3137727,3.13695713
Kepler-1572 b,Kepler-1572,,0.94,0.95,0.94,0.95,110.2860231,0
Kepler-1573 b,Kepler-1573,0.0364,1.06,0.96,1.06,0.96,98.83029518,4.074897629
Kepler-1574 b,Kepler-1574,,1.29,1.08,1.29,1.08,91.36056357,0
Kepler-1575 b,Kepler-1575,,1.328,0.97,1.328,0.97,79.70735246,0
Kepler-1576 b,Kepler-1576,,1.04,1.06,1.04,1.06,111.2236775,0
Kepler-1577 b,Kepler-1577,,0.982,0.69,0.982,0.69,76.67650829,0
Kepler-1578 b,Kepler-1578,,1.045,0.89,1.045,0.89,92.93909537,0
Kepler-1579 b,Kepler-1579,0.014,0.59,0.51,0.59,0.51,94.32849148,2.95015213
Kepler-1580 b,Kepler-1580,0.2875,1.19,1.2,1.19,1.2,110.0421354,25.74797953
Kepler-1584 b,Kepler-1584,,1.588,1.21,1.588,1.21,83.14949136,0
Kepler-1586 b,Kepler-1586,0.13,1.95,2.11,1.95,2.11,118.0789734,6.621363785
Kepler-1587 b,Kepler-1587,0.0878,1.32,1.27,1.32,1.27,104.9915904,7.429803828
Kepler-1589 b,Kepler-1589,,1.27,1.32,1.27,1.32,113.4213821,0
Kepler-1590 b,Kepler-1590,,1.14,1.16,1.14,1.16,111.0395933,0
Kepler-1591 b,Kepler-1591,0.0794,0.93,0.91,0.93,0.91,106.7783409,9.377037704
Kepler-1592 b,Kepler-1592,,1.937,1.61,1.937,1.61,90.70285974,0
Kepler-1594 b,Kepler-1594,,1.06,1.08,1.06,1.08,111.1840821,0
Kepler-1595 b,Kepler-1595,0.051,1.22,0.86,1.22,0.86,76.92426322,6.373210706
Kepler-1598 b,Kepler-1598,0.0527,0.96,1.09,0.96,1.09,123.9024773,5.19601827
Kepler-1602 b,Kepler-1602,,1.34,1.36,1.34,1.36,110.7538507,0
Kepler-1603 b,Kepler-1603,,1.29,1.31,1.29,1.31,110.8169799,0
Kepler-1605 b,Kepler-1605,0.4506,5.18,4,5.18,4,84.26650007,12.10647608
Kepler-1607 b,Kepler-1607,0.1075,1.25,1.38,1.25,1.38,120.4741298,8.371743816
Kepler-1611 b,Kepler-1611,0.0541,0.66,0.72,0.66,0.72,119.0455828,8.075163434
Kepler-1612 b,Kepler-1612,0.0482,0.94,0.87,0.94,0.87,100.998779,5.954075505
Kepler-1617 b,Kepler-1617,,1.2,1.22,1.2,1.22,110.9438696,0
Kepler-162 b,Kepler-162,,1.56,1.2,1.56,1.2,83.94239815,0
Kepler-1620 b,Kepler-1620,0.4322,1.31,1.05,1.31,1.05,87.46669731,44.23662808
Kepler-1622 b,Kepler-1622,,1.47,1.5,1.47,1.5,111.3521608,0
Kepler-1623 b,Kepler-1623,,1.31,1,1.31,1,83.30161648,0
Kepler-1626 b,Kepler-1626,0.0537,1.24,1.18,1.24,1.18,103.84487,4.890787916
Kepler-163 b,Kepler-163,0.078,1.05,0.92,1.05,0.92,95.61438875,9.111572339
Kepler-1631 b,Kepler-1631,,1.35,0.95,1.35,0.95,76.79174942,0
Kepler-1633 b,Kepler-1633,0.6407,1.06,0.92,1.06,0.92,94.71236621,74.84338971
Kepler-1637 b,Kepler-1637,,0.89,1.02,0.89,1.02,125.0647415,0
Kepler-164 b,Kepler-164,0.058,1.41,1.15,1.41,1.15,89.00275548,5.420217391
Kepler-1671 b,Kepler-1671,0.0491,1.07,0.85,1.07,0.85,86.68817753,6.207962982
Kepler-168 b,Kepler-168,0.056,1.46,1.11,1.46,1.11,82.96498666,5.421901212
Kepler-1686 b,Kepler-1686,0.089,1,0.98,1,0.98,106.9426152,9.760014954
Kepler-1688 b,Kepler-1688,0.0608,2.53,1.83,2.53,1.83,78.93239731,3.57058225
Kepler-1689 b,Kepler-1689,,0.947,1,0.947,1,115.2324367,0
Kepler-169 b,Kepler-169,0.0407,1.3,0.94,1.3,0.94,78.90585426,4.653214875
Kepler-1691 b,Kepler-1691,0.0495,1.72,1.19,1.72,1.19,75.49935461,4.470383584
Kepler-1692 b,Kepler-1692,0.0646,1,0.9,1,0.9,98.21260583,7.713945402
Kepler-1693 b,Kepler-1693,0.1011,1.39,1.1,1.39,1.1,86.35800673,9.877454154
Kepler-1693 c,Kepler-1693,0.0588,1.15,1.1,1.15,1.1,104.3805473,5.744750784
Kepler-1694 b,Kepler-1694,0.0449,1.13,0.84,1.13,0.84,81.11955644,5.744518165
Kepler-1695 b,Kepler-1695,,1.119,0.99,1.119,0.99,96.5450102,0
Kepler-1697 b,Kepler-1697,0.2008,2.13,1.69,2.13,1.69,86.58283978,12.76919608
Kepler-1698 b,Kepler-1698,0.0203,0.99,0.76,0.99,0.76,83.77281755,2.870575658
Kepler-1705 b,Kepler-1705,0.08,1.07,0.77,1.07,0.77,78.52929023,11.16569637
Kepler-1713 b,Kepler-1713,0.145,1.47,1.26,1.47,1.26,93.53581508,12.36755952
Kepler-1714 b,Kepler-1714,0.1047,3.04,2.09,3.04,2.09,75.02351834,5.383775573
Kepler-173 b,Kepler-173,0.048,1.29,0.95,1.29,0.95,80.36345869,5.430054446
Kepler-1743 b,Kepler-1743,,1.599,1.61,1.599,1.61,109.875822,0
Kepler-1745 b,Kepler-1745,,1.929,1.4,1.929,1.4,79.19915222,0
Kepler-1759 b,Kepler-1759,,0.904,0.8,0.904,0.8,96.57090052,0
Kepler-1763 b,Kepler-1763,,1.147,1.26,1.147,1.26,119.875892,0
Kepler-1768 b,Kepler-1768,,2.233,1.57,2.233,1.57,76.72478039,0
Kepler-1772 b,Kepler-1772,0.044,2.69,2.14,2.69,2.14,86.81329057,2.209660006
Kepler-1783 b,Kepler-1783,0.078,2.4,1.8,2.4,1.8,81.84383819,4.657025862
Kepler-180 b,Kepler-180,0.109,1.5,1.06,1.5,1.06,77.1150831,11.05114265
Kepler-1800 b,Kepler-1800,0.052,1.59,1.55,1.59,1.55,106.3798316,3.605439377
Kepler-1804 b,Kepler-1804,,1.596,1.67,1.596,1.67,114.1848035,0
Kepler-1807 b,Kepler-1807,0.0988,2.09,1.5,2.09,1.5,78.31946239,7.07867931
Kepler-1818 b,Kepler-1818,0.055,1.38,1.13,1.38,1.13,89.35607455,5.230832316
Kepler-1823 b,Kepler-1823,0.1528,1.56,1.13,1.56,1.13,79.04575826,14.53220323
Kepler-1827 b,Kepler-1827,0.0442,1.48,1.67,1.48,1.67,123.1344232,2.844411006
Kepler-1832 b,Kepler-1832,0.037,0.97,0.72,0.97,0.72,81.00008728,5.522755029
Kepler-1833 b,Kepler-1833,0.0742,1.32,1.37,1.32,1.37,113.2586448,5.820628618
Kepler-1838 b,Kepler-1838,0.106,1.43,1.43,1.43,1.43,109.1251176,7.966294912
Kepler-1839 b,Kepler-1839,0.0583,1.15,0.94,1.15,0.94,89.19792221,6.665415902
Kepler-1843 b,Kepler-1843,0.166,1.92,1.68,1.92,1.68,95.48447789,10.61904249
Kepler-1846 b,Kepler-1846,0.1089,0.96,0.73,0.96,0.73,82.98055817,16.03214277
Kepler-1848 b,Kepler-1848,0.055,1,0.7,1,0.7,76.38758231,8.444057882
Kepler-185 b,Kepler-185,,1.021,0.73,1.021,0.73,78.02285587,0
Kepler-1850 b,Kepler-1850,0.021,0.57,0.58,0.57,0.58,111.0395933,3.89114893
Kepler-1857 b,Kepler-1857,0.086,1.57,1.11,1.57,1.11,77.1521532,8.326491146
Kepler-1859 b,Kepler-1859,0.039,1.23,1.09,1.23,1.09,96.7043725,3.845250712
Kepler-1860 b,Kepler-1860,0.1021,0.87,0.87,0.87,0.87,109.1251176,12.61226367
Kepler-1863 b,Kepler-1863,0.2438,1.48,1.17,1.48,1.17,86.26782945,22.39414014
Kepler-1866 b,Kepler-1866,0.102,1.14,0.94,1.14,0.94,89.98036012,11.66161959
Kepler-1867 b,Kepler-1867,,1.16,0.82,1.16,0.82,77.14016933,0
Kepler-1869 b,Kepler-1869,0.0854,2.07,2.01,2.07,2.01,105.9620707,4.566130983
Kepler-187 b,Kepler-187,0.059,1.41,1.29,1.41,1.29,99.83787354,4.915286688
Kepler-1879 b,Kepler-1879,0.095,1.32,1.06,1.32,1.06,87.63077625,9.631729831
Kepler-1882 b,Kepler-1882,,1.487,1.46,1.487,1.46,107.1436931,0
Kepler-1884 b,Kepler-1884,0.0845,1.17,0.91,1.17,0.91,84.87509146,9.979341133
Kepler-1888 b,Kepler-1888,,1.326,1.25,1.326,1.25,102.870586,0
Kepler-1893 b,Kepler-1893,0.0504,1.52,1.16,1.52,1.16,83.279695,4.669378716
Kepler-1894 b,Kepler-1894,,1.201,0.9,1.201,0.9,81.77569178,0
Kepler-1898 b,Kepler-1898,0.051,0.74,0.84,0.74,0.84,123.8717551,6.524953818
Kepler-1900 b,Kepler-1900,0.042,1.16,1.04,1.16,1.04,97.83631232,4.340127653
Kepler-1901 b,Kepler-1901,0.045,1.18,0.94,1.18,0.94,86.93017842,5.144832172
Kepler-1905 b,Kepler-1905,0.045,1.13,0.92,1.13,0.92,88.84522848,5.256676349
Kepler-1907 b,Kepler-1907,0.057,0.83,0.78,0.83,0.78,102.5513153,7.853564324
Kepler-1907 c,Kepler-1907,,1.155,0.8,1.155,0.8,75.58449703,0
Kepler-1909 b,Kepler-1909,0.0306,0.93,0.69,0.93,0.69,80.96379692,4.766053223
Kepler-1911 b,Kepler-1911,,1.011,0.97,1.011,0.97,104.6996677,0
Kepler-1912 b,Kepler-1912,0.0646,1.21,0.96,1.21,0.96,86.57860569,7.231823815
Kepler-1913 b,Kepler-1913,,1.519,1.08,1.519,1.08,77.58731205,0
Kepler-192 d,Kepler-192,,1.02,0.94,1.02,0.94,100.5662848,0
Kepler-1921 b,Kepler-1921,0.1557,2.24,2,2.24,2,97.43314071,8.366526078
Kepler-1923 b,Kepler-1923,0.2846,1.83,1.29,1.83,1.29,76.92426322,23.71001002
Kepler-1924 b,Kepler-1924,0.1163,1.2,0.84,1.2,0.84,76.38758231,14.87945351
Kepler-1927 b,Kepler-1927,,3.406,2.48,3.406,2.48,79.45692649,0
Kepler-1931 b,Kepler-1931,0.2322,1.96,1.4,1.96,1.4,77.94651257,17.82463855
Kepler-1933 b,Kepler-1933,0.0557,2.24,1.92,2.24,1.92,93.53581508,3.117744477
Kepler-1934 b,Kepler-1934,,0.913,1.03,0.913,1.03,123.1093879,0
Kepler-194 b,Kepler-194,0.033,1.46,1.04,1.46,1.04,77.73296048,3.410100298
Kepler-1943 b,Kepler-1943,0.0571,1.1,0.97,1.1,0.97,96.22851279,6.326316655
Kepler-1945 b,Kepler-1945,0.0597,1.05,0.8,1.05,0.8,83.14294674,8.019935884
Kepler-1947 b,Kepler-1947,0.0711,1.44,1.69,1.44,1.69,128.0704505,4.521363752
Kepler-1948 b,Kepler-1948,0.1022,0.72,0.56,0.72,0.56,84.87509146,19.61324353
Kepler-1949 b,Kepler-1949,0.0334,0.95,0.99,0.95,0.99,113.7198594,3.625749739
Kepler-1950 b,Kepler-1950,0.0871,1.06,0.85,1.06,0.85,87.50599052,11.01249645
Kepler-1951 b,Kepler-1951,0.1359,0.88,0.9,0.88,0.9,111.6052339,16.22794397
Kepler-1952 b,Kepler-1952,0.1724,1.29,1.3,1.29,1.3,109.9710487,14.25215252
Kepler-1955 b,Kepler-1955,,1.167,1.29,1.167,1.29,120.6267367,0
Kepler-1957 b,Kepler-1957,0.0299,0.82,0.77,0.82,0.77,102.471147,4.173179019
Kepler-1959 b,Kepler-1959,,1.143,0.81,1.143,0.81,77.3327605,0
Kepler-1960 b,Kepler-1960,0.0351,0.97,1.03,0.97,1.03,115.8751249,3.662321309
Kepler-1961 b,Kepler-1961,0.0588,1.11,0.78,1.11,0.78,76.68251506,8.101571618
Kepler-1962 b,Kepler-1962,,1.215,1.01,1.215,1.01,90.71306071,0
Kepler-1963 b,Kepler-1963,0.0298,0.83,0.98,0.83,0.98,128.8465244,3.267960063
Kepler-1965 b,Kepler-1965,0.2305,1.06,0.84,1.06,0.84,86.47650828,29.49023245
Kepler-1966 b,Kepler-1966,0.0763,1.01,0.84,1.01,0.84,90.75752354,9.761842672
Kepler-1967 b,Kepler-1967,0.0735,1.85,1.81,1.85,1.81,106.7656556,4.364106258
Kepler-197 b,Kepler-197,0.059,1.18,1.18,1.18,1.18,109.1251176,5.373491379
Kepler-197 c,Kepler-197,,1.208,1.21,1.208,1.21,109.3057883,0
Kepler-197 d,Kepler-197,,1.15,1.17,1.15,1.17,111.0229457,0
Kepler-197 e,Kepler-197,0.16,1.12,1.18,1.12,1.18,114.971106,14.57218001
Kepler-20 e,Kepler-20,0.063,0.91,0.94,0.91,0.94,112.7226489,7.20276504
Kepler-20 f,Kepler-20,,0.863,0.89,0.863,0.89,112.539229,0
Kepler-203 d,Kepler-203,,1.317,1.04,1.317,1.04,86.17321359,0
Kepler-204 c,Kepler-204,,1.45,1.11,1.45,1.11,83.53715898,0
Kepler-206 b,Kepler-206,0.078,1.2,1.19,1.2,1.19,108.2157416,7.0442408
Kepler-206 d,Kepler-206,0.163,1.19,1.19,1.19,1.19,109.1251176,14.72065706
Kepler-207 b,Kepler-207,0.029,1.57,1.59,1.57,1.59,110.5152465,1.960141509
Kepler-207 c,Kepler-207,0.042,1.11,1.1,1.11,1.1,108.1420084,4.103393417
Kepler-208 b,Kepler-208,,1.532,1.26,1.532,1.26,89.75042308,0
Kepler-208 c,Kepler-208,0.079,1.39,1.31,1.39,1.31,102.8445353,6.48100487
Kepler-208 d,Kepler-208,,1.237,1.26,1.237,1.26,111.1541214,0
Kepler-208 e,Kepler-208,0.132,1.48,1.31,1.48,1.31,96.59047571,10.82902079
Kepler-21 b,Kepler-21,0.0408,1.69,1.73,1.69,1.73,111.7079606,2.534548535
Kepler-213 b,Kepler-213,,1.31,1,1.31,1,83.30161648,0
Kepler-215 c,Kepler-215,,1.323,0.91,1.323,0.91,75.05960469,0
Kepler-217 b,Kepler-217,,2.11,1.76,2.11,1.76,91.02379477,0
Kepler-217 c,Kepler-217,,1.74,1.76,1.74,1.76,110.3794293,0
Kepler-217 d,Kepler-217,0.054,1.25,1.36,1.25,1.36,118.7281279,4.267184331
Kepler-218 b,Kepler-218,0.046,1.48,1.06,1.48,1.06,78.15717882,4.663784971
Kepler-220 b,Kepler-220,0.0456,0.83,0.69,0.83,0.69,90.71847125,7.102353823
Kepler-220 d,Kepler-220,0.162,0.88,0.66,0.88,0.66,81.84383819,26.37895768
Kepler-226 d,Kepler-226,0.0743,1.3,0.91,1.3,0.91,76.38758231,8.774734274
Kepler-23 b,Kepler-23,0.077,1.95,1.87,1.95,1.87,104.6481897,4.425228195
Kepler-23 d,Kepler-23,0.124,2.2,1.55,2.2,1.55,76.88360558,8.597586207
Kepler-238 b,Kepler-238,,1.36,1.26,1.36,1.26,101.1012119,0
Kepler-24 d,Kepler-24,0.051,1.67,1.29,1.67,1.29,84.29425251,4.248807137
Kepler-250 b,Kepler-250,,0.975,0.76,0.975,0.76,85.06163012,0
Kepler-255 d,Kepler-255,,1.323,0.93,1.323,0.93,76.70926633,0
Kepler-256 b,Kepler-256,0.027,1.59,1.3,1.59,1.3,89.22179426,2.23206565
Kepler-270 b,Kepler-270,0.107,2.01,1.46,2.01,1.46,79.26501079,7.876213392
Kepler-270 c,Kepler-270,0.1768,1.5,1.3,1.5,1.3,94.57510191,14.61589655
Kepler-271 b,Kepler-271,0.056,0.89,0.88,0.89,0.88,107.8989927,6.838989028
Kepler-271 c,Kepler-271,,0.95,0.87,0.95,0.87,99.93563401,0
Kepler-278 b,Kepler-278,0.207,4.07,2.94,4.07,2.94,78.82748052,7.566753167
Kepler-278 c,Kepler-278,,2.99,2.75,2.99,2.75,100.3659108,0
Kepler-282 b,Kepler-282,0.082,1.01,0.9,1.01,0.9,97.24020379,9.791695402
Kepler-282 c,Kepler-282,0.1034,1.1,0.87,1.1,0.87,86.30804755,12.77285077
Kepler-285 c,Kepler-285,0.0617,1.21,0.88,1.21,0.88,79.36372188,7.535100411
Kepler-286 b,Kepler-286,0.029,1.33,0.93,1.33,0.93,76.30553335,3.351209677
Kepler-288 b,Kepler-288,0.067,1.64,1.15,1.64,1.15,76.52066173,6.261285607
Kepler-295 b,Kepler-295,0.099,1.22,0.9,1.22,0.9,80.50213593,11.82168103
Kepler-295 c,Kepler-295,0.142,1.17,0.9,1.17,0.9,83.94239815,16.95635057
Kepler-299 b,Kepler-299,0.04,1.32,1.03,1.32,1.03,85.15065994,4.173585537
Kepler-301 b,Kepler-301,0.0355,1.28,0.88,1.28,0.88,75.02351834,4.335430545
Kepler-309 b,Kepler-309,,1.04,0.77,1.04,0.77,80.79455822,0
Kepler-310 b,Kepler-310,0.111,1.19,0.88,1.19,0.88,80.69756595,13.55585325
Kepler-311 b,Kepler-311,,1.6,1.13,1.6,1.13,77.0696143,0
Kepler-311 c,Kepler-311,0.145,1.43,1.19,1.43,1.19,90.81041254,13.09506303
Kepler-312 b,Kepler-312,,1.513,1.7,1.513,1.7,122.6124917,0
Kepler-314 b,Kepler-314,,0.835,0.88,0.835,0.88,115.006112,0
Kepler-320 b,Kepler-320,,1.5,1.53,1.5,1.53,111.3076199,0
Kepler-320 c,Kepler-320,0.142,1.37,1.11,1.37,1.11,88.41524126,13.74839236
Kepler-322 b,Kepler-322,0.0263,0.97,0.88,0.97,0.88,99.00010668,3.211882347
Kepler-323 b,Kepler-323,,1.34,1.12,1.34,1.12,91.20905351,0
Kepler-323 c,Kepler-323,,1.9,1.38,1.9,1.38,79.25929594,0
Kepler-324 b,Kepler-324,0.05,1.14,0.84,1.14,0.84,80.40798138,6.397013547
Kepler-33 b,Kepler-33,0.068,1.79,1.82,1.79,1.82,110.9540302,4.015356196
Kepler-332 c,Kepler-332,0.1141,1.04,0.72,1.04,0.72,75.54815833,17.0309824
Kepler-334 b,Kepler-334,,1.09,1.11,1.09,1.11,111.1274133,0
Kepler-334 c,Kepler-334,0.107,1.43,1.07,1.43,1.07,81.65306002,10.74698276
Kepler-334 d,Kepler-334,0.168,1.41,1.07,1.41,1.07,82.81125945,16.87376732
Kepler-336 b,Kepler-336,0.032,0.92,0.96,0.92,0.96,113.8696879,3.582327586
Kepler-337 b,Kepler-337,0.044,1.43,1.46,1.43,1.46,111.4144557,3.238816722
Kepler-337 c,Kepler-337,0.093,2.05,1.76,2.05,1.76,93.68790583,5.678803389
Kepler-338 b,Kepler-338,,2.58,1.9,2.58,1.9,80.36345869,0
Kepler-338 c,Kepler-338,,2.48,1.9,2.48,1.9,83.60392074,0
Kepler-338 d,Kepler-338,,2.66,1.9,2.66,1.9,77.94651257,0
Kepler-338 e,Kepler-338,,1.75,1.78,1.75,1.78,110.9958339,0
Kepler-339 c,Kepler-339,,1.054,0.78,1.054,0.78,80.75672839,0
Kepler-339 d,Kepler-339,,1.07,0.78,1.07,0.78,79.54915114,0
Kepler-340 b,Kepler-340,,2.259,1.68,2.259,1.68,81.15546594,0
Kepler-341 b,Kepler-341,0.0579,1.18,1.11,1.18,1.11,102.6515937,5.605858574
Kepler-342 c,Kepler-342,,1.76,1.34,1.76,1.34,83.08389635,0
Kepler-342 e,Kepler-342,0.0293,1.18,1.37,1.18,1.37,126.6961111,2.298442298
Kepler-343 c,Kepler-343,0.167,2.02,1.43,2.02,1.43,77.25193968,12.55067217
Kepler-345 b,Kepler-345,0.063,0.69,0.58,0.69,0.58,91.72835971,11.67344679
Kepler-348 b,Kepler-348,,1.52,1.39,1.52,1.39,99.79204832,0
Kepler-348 c,Kepler-348,0.138,1.33,1.36,1.33,1.36,111.5865864,10.90502662
Kepler-350 b,Kepler-350,0.0979,1.5,1.25,1.5,1.25,90.93759799,8.417036897
Kepler-352 b,Kepler-352,0.085,0.86,0.78,0.86,0.78,98.97394386,11.71145557
Kepler-352 d,Kepler-352,,0.806,0.77,0.806,0.77,104.2510429,0
Kepler-355 b,Kepler-355,0.0971,1.45,1.07,1.45,1.07,80.52681091,9.752635756
Kepler-356 b,Kepler-356,0.0556,1.3,1.11,1.3,1.11,93.17606194,5.383173346
Kepler-356 c,Kepler-356,0.115,1.81,1.33,1.81,1.33,80.18585989,9.292503889
Kepler-36 b,Kepler-36,,1.582,1.63,1.582,1.63,112.4361199,0
Kepler-361 b,Kepler-361,0.0838,1.34,1.27,1.34,1.27,103.4245517,7.091316182
Kepler-362 b,Kepler-362,0.0864,0.84,0.73,0.84,0.73,94.83492362,12.71971658
Kepler-363 b,Kepler-363,0.047,1.61,1.91,1.61,1.91,129.4589904,2.644545496
Kepler-363 c,Kepler-363,,1.41,1.29,1.41,1.29,99.83787354,0
Kepler-363 d,Kepler-363,0.1079,1.83,1.39,1.83,1.39,82.8873844,8.342442012
Kepler-364 b,Kepler-364,0.182,1.3,1.17,1.3,1.17,98.21260583,16.71752874
Kepler-366 b,Kepler-366,0.045,1.37,1.01,1.37,1.01,80.44990421,4.788259645
Kepler-37 c,Kepler-37,,0.75,0.77,0.75,0.77,112.0351207,0
Kepler-370 b,Kepler-370,,1.498,1.06,1.498,1.06,77.21804049,0
Kepler-372 b,Kepler-372,0.075,1.36,1.14,1.36,1.14,91.47252504,7.070383394
Kepler-373 c,Kepler-373,0.1238,1.15,0.84,1.15,0.84,79.70878155,15.83900554
Kepler-374 b,Kepler-374,0.029,1.03,0.91,1.03,0.91,96.41151166,3.424862637
Kepler-374 c,Kepler-374,,1.627,1.38,1.627,1.38,92.55848941,0
Kepler-374 d,Kepler-374,,1.849,1.38,1.849,1.38,81.44546364,0
Kepler-376 b,Kepler-376,0.059,1.11,1.16,1.11,1.16,114.0406634,5.466137782
Kepler-377 b,Kepler-377,0.109,1.39,1.22,1.39,1.22,95.77888019,9.601812465
Kepler-378 b,Kepler-378,0.112,0.75,0.67,0.75,0.67,97.48510505,17.96510551
Kepler-378 c,Kepler-378,0.1826,1.8,1.82,1.8,1.82,110.3376189,10.78241237
Kepler-379 b,Kepler-379,0.1495,1.58,1.26,1.58,1.26,87.02382795,12.75138034
Kepler-380 b,Kepler-380,,1.12,1.14,1.12,1.14,111.0737804,0
Kepler-380 c,Kepler-380,0.078,1.27,1.22,1.27,1.22,104.8288531,6.871021764
Kepler-381 c,Kepler-381,0.123,1.15,1.35,1.15,1.35,128.1033989,9.791695402
Kepler-382 b,Kepler-382,0.057,1.35,1,1.35,1,80.83342044,6.125780172
Kepler-384 b,Kepler-384,,1.946,1.65,1.946,1.65,92.52643578,0
Kepler-384 c,Kepler-384,0.236,1.13,0.88,1.13,0.88,84.98239246,28.82145376
Kepler-387 b,Kepler-387,0.068,1.03,1.05,1.03,1.05,111.2440519,6.959950739
Kepler-387 c,Kepler-387,,1.138,1.14,1.138,1.14,109.3169016,0
Kepler-388 b,Kepler-388,0.036,0.81,0.59,0.81,0.59,79.48619676,6.557481005
Kepler-388 c,Kepler-388,0.094,0.91,0.63,0.91,0.63,75.54815833,16.03518062
Kepler-390 b,Kepler-390,,0.79,0.8,0.79,0.8,110.5064482,0
Kepler-390 c,Kepler-390,0.101,0.79,0.78,0.79,0.78,107.743787,13.91596485
Kepler-391 b,Kepler-391,,2.765,2.74,2.765,2.74,108.1384529,0
Kepler-391 c,Kepler-391,0.161,3.54,3.57,3.54,3.57,110.0499067,4.846678499
Kepler-392 b,Kepler-392,0.059,1,1.13,1,1.13,123.3113829,5.611256485
Kepler-392 c,Kepler-392,,1.13,1.14,1.13,1.14,110.0908266,0
Kepler-393 b,Kepler-393,,1.31,1.34,1.31,1.34,111.6241661,0
Kepler-393 c,Kepler-393,0.124,1.33,1.38,1.33,1.38,113.2275656,9.656709145
Kepler-394 b,Kepler-394,,1.401,1.02,1.401,1.02,79.44869375,0
Kepler-394 d,Kepler-394,0.065,1.37,1.1,1.37,1.1,87.61870756,6.350489812
Kepler-398 b,Kepler-398,0.043,0.73,0.57,0.73,0.57,85.2072836,8.107372958
Kepler-398 d,Kepler-398,0.0626,0.85,0.66,0.85,0.66,84.73244425,10.19335031
Kepler-399 b,Kepler-399,0.103,0.96,0.68,0.96,0.68,77.29695829,16.278518
Kepler-400 b,Kepler-400,,1.59,1.12,1.59,1.12,76.86800736,0
Kepler-400 c,Kepler-400,0.1313,1.43,1.11,1.43,1.11,84.70551086,12.71242195
Kepler-401 b,Kepler-401,0.123,1.75,1.46,1.75,1.46,91.04152668,9.053964927
Kepler-401 c,Kepler-401,0.272,2.1,1.46,2.1,1.46,75.8679389,20.0217761
Kepler-402 b,Kepler-402,0.0498,1.21,1.2,1.21,1.2,108.2232571,4.459997845
Kepler-402 c,Kepler-402,0.07,1.43,1.23,1.43,1.23,93.86286338,6.11616905
Kepler-402 d,Kepler-402,,1.22,1.24,1.22,1.24,110.9140539,0
Kepler-402 e,Kepler-402,0.105,1.41,1.23,1.41,1.23,95.19425152,9.174253574
Kepler-403 b,Kepler-403,0.0743,1.09,1.11,1.09,1.11,111.1274133,7.193701072
Kepler-403 c,Kepler-403,0.293,1.35,1.06,1.35,1.06,85.68342566,29.70628253
Kepler-403 d,Kepler-403,0.1153,1.09,1.11,1.09,1.11,111.1274133,11.16330732
Kepler-404 b,Kepler-404,,1.081,0.79,1.081,0.79,79.74916087,0
Kepler-406 b,Kepler-406,,1.27,0.97,1.27,0.97,83.34753076,0
Kepler-407 b,Kepler-407,,1.07,1.06,1.07,1.06,108.1052567,0
Kepler-409 b,Kepler-409,,0.98,0.9,0.98,0.9,100.2169447,0
Kepler-430 c,Kepler-430,0.4757,1.75,1.49,1.75,1.49,92.91224298,34.31100469
Kepler-431 d,Kepler-431,0.109,1.82,1.79,1.82,1.79,107.3263519,6.544252071
Kepler-444 c,Kepler-444,,0.75,0.83,0.75,0.83,120.7651301,0
Kepler-444 d,Kepler-444,,0.755,0.83,0.755,0.83,119.9653611,0
Kepler-444 e,Kepler-444,,0.718,0.83,0.718,0.83,126.1474201,0
Kepler-444 f,Kepler-444,0.0811,0.741,0.75,0.741,0.75,110.4505239,11.62107069
Kepler-449 b,Kepler-449,0.1047,1.57,1.47,1.57,1.47,102.1744732,7.654483638
Kepler-449 c,Kepler-449,0.2018,1.89,1.47,1.89,1.47,84.87509146,14.75334096
Kepler-452 b,Kepler-452,,1.511,1.11,1.511,1.11,80.16471246,0
Kepler-466 c,Kepler-466,0.0465,1.16,1.02,1.16,1.02,95.95484478,4.899359787
Kepler-495 c,Kepler-495,0.061,0.74,0.76,0.74,0.76,112.0744451,8.62586774
Kepler-50 b,Kepler-50,,1.56,1.59,1.56,1.59,111.2236775,0
Kepler-50 c,Kepler-50,0.094,1.82,1.58,1.82,1.58,94.7349922,6.393774553
Kepler-501 c,Kepler-501,0.0467,1.62,1.22,1.62,1.22,82.18064411,4.113804056
Kepler-507 b,Kepler-507,,1.3,1.32,1.3,1.32,110.8039656,0
Kepler-508 b,Kepler-508,,1.64,1.25,1.64,1.25,83.17463231,0
Kepler-514 b,Kepler-514,0.0642,1.49,1.27,1.49,1.27,93.01268412,5.432726717
Kepler-515 b,Kepler-515,0.144,1.43,1,1.43,1,76.31127104,15.47565517
Kepler-520 c,Kepler-520,,1.07,1.09,1.07,1.09,111.1648394,0
Kepler-524 c,Kepler-524,,0.96,1.1,0.96,1.1,125.0391972,0
Kepler-534 c,Kepler-534,0.0761,1.06,0.96,1.06,0.96,98.83029518,8.519222791
Kepler-537 b,Kepler-537,,1.41,0.99,1.41,0.99,76.61976342,0
Kepler-56 b,Kepler-56,,4.5,4.19,4.5,4.19,101.6076095,0
Kepler-589 c,Kepler-589,0.0426,1.1,0.92,1.1,0.92,91.26828017,4.976320277
Kepler-59 b,Kepler-59,0.1042,1.02,1.01,1.02,1.01,108.0552635,11.08748122
Kepler-595 c,Kepler-595,,1.009,0.82,1.009,0.82,88.6844365,0
Kepler-60 b,Kepler-60,0.0719,1.64,1.31,1.64,1.31,87.16701466,5.898534812
Kepler-60 c,Kepler-60,,1.79,1.28,1.79,1.28,78.03360364,0
Kepler-60 d,Kepler-60,,1.52,1.28,1.52,1.28,91.89483587,0
Kepler-603 d,Kepler-603,,1.32,1.01,1.32,1.01,83.49724907,0
Kepler-605 c,Kepler-605,,0.86,0.88,0.86,0.88,111.662911,0
Kepler-607 b,Kepler-607,0.0135,0.91,0.89,0.91,0.89,106.7267634,1.630160306
Kepler-62 c,Kepler-62,0.0904,0.59,0.65,0.59,0.65,120.2225872,14.94657294
Kepler-625 c,Kepler-625,0.054,1.22,1.2,1.22,1.2,107.3361812,4.836142241
Kepler-633 b,Kepler-633,0.0824,2.18,1.55,2.18,1.55,77.58895976,5.713234705
Kepler-634 b,Kepler-634,0.062,1.67,1.17,1.67,1.17,76.4529267,5.694982317
Kepler-647 b,Kepler-647,,1.17,1.07,1.17,1.07,99.79818446,0
Kepler-65 b,Kepler-65,0.035,1.42,1.42,1.42,1.42,109.1251176,2.648904201
Kepler-65 d,Kepler-65,,1.506,1.51,1.506,1.51,109.4149585,0
Kepler-653 c,Kepler-653,0.047,0.95,1.08,0.95,1.08,124.0580284,4.676927682
Kepler-68 c,Kepler-68,0.091,1.11,1.24,1.11,1.24,121.9055368,7.886898637
Kepler-730 c,Kepler-730,0.0413,1.23,1.11,1.23,1.11,98.47876466,3.998652144
Kepler-743 b,Kepler-743,0.042,1.28,0.92,1.28,0.92,78.43367827,4.906231259
Kepler-746 b,Kepler-746,0.0435,1.17,1.02,1.17,1.02,95.1347179,4.583272059
Kepler-750 c,Kepler-750,0.0533,2.36,1.86,2.36,1.86,86.00538929,3.079646135
Kepler-756 b,Kepler-756,0.0219,1.54,1.11,1.54,1.11,78.65511723,2.120350652
Kepler-757 b,Kepler-757,0.019,1.14,1.02,1.14,1.02,97.63826311,2.001888945
Kepler-758 c,Kepler-758,0.06,1.43,1.24,1.43,1.24,94.62597609,5.200152948
Kepler-758 e,Kepler-758,,1.53,1.42,1.53,1.42,101.2795209,0
Kepler-763 b,Kepler-763,0.021,1.02,0.73,1.02,0.73,78.09934886,3.09159778
Kepler-768 b,Kepler-768,0.036,0.93,0.66,0.93,0.66,77.44363184,5.861990596
Kepler-769 c,Kepler-769,0.1297,1.62,1.18,1.62,1.18,79.48619676,11.81257342
Kepler-770 c,Kepler-770,,1.47,1.22,1.47,1.22,90.56642412,0
Kepler-773 b,Kepler-773,0.0465,1.52,1.11,1.52,1.11,79.69005298,4.502114399
Kepler-774 b,Kepler-774,0.1114,3.51,2.87,3.51,2.87,89.22766025,4.171476931
Kepler-775 b,Kepler-775,,1.169,0.84,1.169,0.84,78.41325815,0
Kepler-780 b,Kepler-780,0.015,1.1,1.09,1.1,1.09,108.1330711,1.478942581
Kepler-783 b,Kepler-783,0.051,1.05,1.17,1.05,1.17,121.5965596,4.684582228
Kepler-784 b,Kepler-784,0.199,1.95,1.65,1.95,1.65,92.33663796,12.96151254
Kepler-793 b,Kepler-793,0.05,1.38,1.06,1.38,1.06,83.8207425,5.06933149
Kepler-794 b,Kepler-794,0.1036,2.06,1.44,2.06,1.44,76.2816356,7.73185704
Kepler-796 b,Kepler-796,0.069,1.95,1.69,1.95,1.69,94.57510191,4.387821363
Kepler-804 c,Kepler-804,0.088,0.88,0.88,0.88,0.88,109.1251176,10.74698276
Kepler-806 b,Kepler-806,,1.14,1.16,1.14,1.16,111.0395933,0
Kepler-815 b,Kepler-815,,4.11,3.42,4.11,3.42,90.80484238,0
Kepler-825 b,Kepler-825,0.049,1.41,1.09,1.41,1.09,84.35913346,4.831212433
Kepler-826 b,Kepler-826,,1.25,1.15,1.25,1.15,100.3951082,0
Kepler-831 b,Kepler-831,0.062,1.15,0.89,1.15,0.89,84.45335188,7.486662146
Kepler-84 d,Kepler-84,0.052,1.38,1.17,1.38,1.17,92.51912144,4.776436782
Kepler-848 b,Kepler-848,0.072,1.9,1.35,1.9,1.35,77.53626776,5.731724138
Kepler-85 d,Kepler-85,0.13,1.2,0.89,1.2,0.89,80.93446221,15.69783998
Kepler-85 e,Kepler-85,,1.186,0.87,1.186,0.87,80.04962252,0
Kepler-853 b,Kepler-853,0.078,1.28,1.22,1.28,1.22,104.0098777,6.871021764
Kepler-881 b,Kepler-881,0.055,1.42,1.02,1.42,1.02,78.38564785,5.794941684
Kepler-882 b,Kepler-882,0.046,0.95,0.73,0.95,0.73,83.85403773,6.772071327
Kepler-884 b,Kepler-884,0.0622,1.16,0.93,1.16,0.93,87.48824083,7.187766963
Kepler-886 b,Kepler-886,0.067,1.6,1.26,1.6,1.26,85.9360301,5.714665435
Kepler-887 b,Kepler-887,0.1536,1.78,1.3,1.78,1.3,79.69811959,12.69797347
Kepler-887 c,Kepler-887,0.0801,1.05,1.17,1.05,1.17,121.5965596,7.357549735
Kepler-889 b,Kepler-889,0.049,1.28,1.15,1.28,1.15,98.04209784,4.579149175
Kepler-90 i,KOI-351,,1.32,1.29,1.32,1.29,106.6450013,0
Kepler-904 b,Kepler-904,0.0417,1.31,0.99,1.31,0.99,82.46860032,4.526759404
Kepler-907 b,Kepler-907,0.1225,1.31,1.31,1.31,1.31,109.1251176,10.04965945
Kepler-908 b,Kepler-908,,1.336,1.29,1.336,1.29,105.3678156,0
Kepler-909 b,Kepler-909,0.1188,1.22,1.05,1.22,1.05,93.91915858,12.15944335
Kepler-911 b,Kepler-911,0.1549,2.41,1.88,2.41,1.88,85.12664775,8.854827815
Kepler-914 b,Kepler-914,0.0546,1.32,1.15,1.32,1.15,95.07112517,5.10248051
Kepler-915 b,Kepler-915,0.0542,1.24,1.18,1.24,1.18,103.84487,4.936325979
Kepler-918 b,Kepler-918,0.057,1.36,0.96,1.36,0.96,77.02949477,6.381021013
Kepler-92 c,Kepler-92,,2.455,1.82,2.455,1.82,80.89927251,0
Kepler-92 d,Kepler-92,,2.067,1.82,2.067,1.82,96.0850092,0
Kepler-922 b,Kepler-922,0.0182,1.58,1.09,1.58,1.09,75.28251783,1.794450332
Kepler-923 b,Kepler-923,,1.38,1.26,1.38,1.26,99.63597693,0
Kepler-929 b,Kepler-929,,1.614,1.61,1.614,1.61,108.8546712,0
Kepler-948 b,Kepler-948,0.075,1.31,0.94,1.31,0.94,78.30351949,8.574720286
Kepler-953 c,Kepler-953,0.0878,1.16,1,1.16,1,94.07337723,9.435850862
Kepler-969 c,Kepler-969,,0.99,0.82,0.99,0.82,90.38646104,0
Kepler-990 c,Kepler-990,0.0127,1.67,1.21,1.67,1.21,79.06670197,1.127989099
Kepler-997 b,Kepler-997,0.04,1.07,1.19,1.07,1.19,121.3634485,3.612431179
Kepler-999 b,Kepler-999,0.071,2.5,1.87,2.5,1.87,81.62558796,4.080405219
TOI-1860 b,TOI-1860,,1.27,0.93,1.27,0.93,79.91051918,0
TOI-411 b,TOI-411,,1.547,1.12,1.547,1.12,79.00461002,0
